元ワード,入力文字,サジェスト
コンサル,ぁ,lasinva コンサル
コンサル,ぁ,layers コンサル
コンサル,ぁ,lac コンサル
コンサル,ぁ,lancers コンサル
コンサル,ぁ,layerx コンサル
コンサル,ぁ,lad コンサル
コンサル,ぁ,lachman コンサル
コンサル,ぁ,lany コンサル
コンサル,ぁ,lark コンサル
コンサル,ぁ,lala コンサル
コンサル,あ,コンサル ai
コンサル,あ,コンサル アベイラブル
コンサル,あ,コンサル アクセンチュア
コンサル,あ,コンサル ai 代替
コンサル,あ,コンサル 怪しい
コンサル,あ,コンサル アビーム
コンサル,あ,コンサル アベイラブル 最長
コンサル,あ,コンサル アソシエイト
コンサル,あ,コンサル ai なくなる
コンサル,あ,コンサル ai 失業
コンサル,ぃ,コンサル line
コンサル,ぃ,コンサル li
コンサル,ぃ,コンサル lilico
コンサル,ぃ,コンサル liとは
コンサル,ぃ,コンサル lineスタンプ
コンサル,ぃ,医療 コンサル lilico
コンサル,ぃ,マイ ジョブ コンサル line
コンサル,ぃ,介護 コンサル link
コンサル,ぃ,株式会社 lilico コンサル
コンサル,ぃ,lilis コンサル
コンサル,い,コンサル インターン
コンサル,い,コンサル 意味
コンサル,い,コンサル 医療
コンサル,い,コンサル いらない
コンサル,い,コンサル 一覧
コンサル,い,コンサル 言い換え
コンサル,い,コンサル it
コンサル,い,コンサル 意味ない
コンサル,い,コンサル 意味 医療
コンサル,い,コンサル 忙しい
コンサル,ぅ,コンサル lupinus
コンサル,ぅ,日立 コンサル lumada
コンサル,ぅ,lupinas コンサル
コンサル,ぅ,lupinus コンサル 評判
コンサル,ぅ,lupinus コンサル 年収
コンサル,ぅ,luvir コンサル
コンサル,ぅ,luup ロビイング コンサル
コンサル,ぅ,luup ロビー活動 コンサル
コンサル,ぅ,luup コンサル
コンサル,ぅ,x運用 コンサル
コンサル,う,コンサル 胡散臭い
コンサル,う,コンサル 売上ランキング 日本
コンサル,う,コンサル うつ病
コンサル,う,コンサル webテスト
コンサル,う,コンサル 売上ランキング
コンサル,う,コンサル うざい
コンサル,う,コンサル 胡散臭い なんj
コンサル,う,コンサル 鬱
コンサル,う,コンサル webテスト 一覧
コンサル,う,コンサル 売上
コンサル,ぇ,コンサル lek
コンサル,ぇ,コンサル lep
コンサル,ぇ,コンサル lep と は
コンサル,ぇ,leap コンサル
コンサル,ぇ,leed コンサル
コンサル,ぇ,leed 認証 コンサル
コンサル,ぇ,lem コンサル
コンサル,ぇ,lec コンサル
コンサル,ぇ,lec キャリア コンサル
コンサル,ぇ,ey コンサル
コンサル,え,コンサル 英語
コンサル,え,コンサル ey
コンサル,え,コンサル 営業
コンサル,え,コンサル 営業 違い
コンサル,え,コンサル エージェント
コンサル,え,コンサル エクセル
コンサル,え,コンサル エンジニア
コンサル,え,コンサル 偉そう
コンサル,え,コンサル エンジニア どっち
コンサル,え,コンサル 映画
コンサル,ぉ,logos コンサル
コンサル,ぉ,loop コンサル
コンサル,ぉ,lob コンサル
コンサル,ぉ,logos pathos コンサル
コンサル,ぉ,lot コンサル
コンサル,お,コンサル 大手
コンサル,お,コンサル 落ちこぼれ
コンサル,お,コンサル 大手 日本
コンサル,お,コンサル お前がやれ
コンサル,お,コンサル オワコン
コンサル,お,コンサル 大手 一覧
コンサル,お,コンサル 大手 ランキング
コンサル,お,コンサル 大阪
コンサル,お,コンサル 大手 年収
コンサル,お,コンサル おすすめ 本
コンサル,か,コンサル 会社
コンサル,か,コンサル カオスマップ
コンサル,か,コンサル カオスマップ 2025
コンサル,か,コンサル 勘定科目
コンサル,か,コンサル 会社 ランキング
コンサル,か,コンサル 会社 大手
コンサル,か,コンサル 家庭崩壊
コンサル,か,コンサル 格付け
コンサル,か,コンサル 階級
コンサル,か,コンサル 髪型
コンサル,が,コンサル 外資
コンサル,が,コンサル 外資 ランキング
コンサル,が,コンサル 学部
コンサル,が,コンサル 外資 大手
コンサル,が,コンサル 学歴
コンサル,が,コンサル 外資系
コンサル,が,コンサル 会社 有名
コンサル,が,コンサル ガクチカ
コンサル,き,コンサル 虚業
コンサル,き,コンサル 企業
コンサル,き,コンサル 給料
コンサル,き,コンサル 求人
コンサル,き,コンサル きつい
コンサル,き,コンサル 起業
コンサル,き,コンサル 嫌い
コンサル,き,コンサル キャリアプラン
コンサル,き,コンサル 企業 ランキング
コンサル,き,コンサル キャリアパス
コンサル,ぎ,コンサル 逆質問
コンサル,ぎ,コンサル 業種
コンサル,ぎ,コンサル 業界地図
コンサル,ぎ,コンサル 業務内容
コンサル,ぎ,コンサル 業界
コンサル,ぎ,コンサル 議事録
コンサル,ぎ,コンサル 業務委託
コンサル,ぎ,コンサル 業界マップ
コンサル,ぎ,コンサル 業種分類
コンサル,ぎ,コンサル 業務
コンサル,く,コンサル クズ
コンサル,く,コンサル クビ
コンサル,く,コンサル クニエ
コンサル,く,コンサル クーリングオフ
コンサル,く,コンサル クライアント
コンサル,く,コンサル 口だけ
コンサル,く,コンサル 熊本
コンサル,く,コンサル クローン
コンサル,く,コンサル クオンツ
コンサル,く,コンサル 靴
コンサル,ぐ,コンサル グループディスカッション
コンサル,ぐ,コンサル グラフ
コンサル,ぐ,コンサル グロービング
コンサル,ぐ,コンサル グローバル
コンサル,ぐ,コンサル グループディスカッション テーマ
コンサル,ぐ,コンサル グルディス
コンサル,ぐ,コンサル グレード
コンサル,ぐ,コンサル guts
コンサル,ぐ,コンサル グルディス お題
コンサル,ぐ,コンサル グロー
コンサル,け,コンサル ケース面接
コンサル,け,コンサル ケース面接 対策
コンサル,け,コンサル 研修
コンサル,け,コンサル 建築
コンサル,け,コンサル ケース面接 例題
コンサル,け,コンサル 契約書
コンサル,け,コンサル 契約形態
コンサル,け,コンサル 建設
コンサル,け,コンサル 契約書 ひな形
コンサル,け,コンサル 経営
コンサル,げ,コンサル 激務
コンサル,げ,コンサル 現場を知らない
コンサル,げ,コンサル 源泉徴収
コンサル,げ,コンサル 激務 ランキング
コンサル,げ,コンサル 激務 理由
コンサル,げ,コンサル 源泉
コンサル,げ,コンサル 月収
コンサル,げ,コンサル 原価率
コンサル,げ,コンサル 現場
コンサル,げ,コンサル 原価
コンサル,こ,コンサル 高級派遣
コンサル,こ,コンサル 国家資格
コンサル,こ,コンサル 個人事業主
コンサル,こ,コンサル 今後
コンサル,こ,コンサル 国内
コンサル,こ,コンサル 高卒
コンサル,こ,コンサル 個人
コンサル,こ,コンサル コーチング 違い
コンサル,こ,コンサル 公認会計士
コンサル,こ,コンサル 高級文房具
コンサル,ご,コンサル ゴミ
コンサル,ご,コンサル 語源
コンサル,ご,コンサル 御三家
コンサル,ご,コンサル 合コン
コンサル,ご,コンサル ゴールドマンサックス
コンサル,ご,コンサル 合同会社
コンサル,ご,コンサル 五大
コンサル,ご,コンサル 合同会社 なぜ
コンサル,ご,コンサル ゴリラ
コンサル,さ,コンサル 詐欺
コンサル,さ,コンサル 詐欺師
コンサル,さ,コンサル サービス業
コンサル,さ,コンサル 最大手
コンサル,さ,コンサル 採用
コンサル,さ,コンサル 採用人数
コンサル,さ,コンサル 最終面接
コンサル,さ,コンサル 産業分類
コンサル,さ,コンサル sap
コンサル,さ,コンサル 三大
コンサル,ざ,コンサル 残業時間
コンサル,ざ,コンサル 残業
コンサル,ざ,コンサル 残業時間ランキング
コンサル,ざ,コンサル 在宅
コンサル,ざ,コンサル 在宅勤務
コンサル,ざ,コンサル 残業代
コンサル,ざ,コンサル 残業少ない
コンサル,ざ,コンサル 雑誌
コンサル,ざ,コンサル 挫折
コンサル,ざ,コンサル 雑用
コンサル,し,コンサル 仕事内容
コンサル,し,コンサル 志望動機
コンサル,し,コンサル 志望理由
コンサル,し,コンサル 就職偏差値
コンサル,し,コンサル 資格
コンサル,し,コンサル 種類
コンサル,し,コンサル 資料
コンサル,し,コンサル 仕事
コンサル,し,コンサル 新卒
コンサル,し,コンサル しょうもない
コンサル,じ,コンサル 序列
コンサル,じ,コンサル 上場
コンサル,じ,コンサル 上場企業
コンサル,じ,コンサル 人員削減
コンサル,じ,コンサル 女性
コンサル,じ,コンサル 常駐
コンサル,じ,コンサル 事業会社
コンサル,じ,コンサル 時給
コンサル,じ,コンサル 事業会社 転職
コンサル,じ,コンサル 上流 下流
コンサル,す,コンサル スライド
コンサル,す,コンサル スーツ
コンサル,す,コンサル スキル
コンサル,す,コンサル スライド テンプレ
コンサル,す,コンサル スペル
コンサル,す,コンサル ストレス
コンサル,す,コンサル スタートアップ
コンサル,す,コンサル 睡眠時間
コンサル,す,コンサル 衰退
コンサル,す,コンサル すごい
コンサル,ず,コンサル 図解
コンサル,ず,コンサル 図
コンサル,ず,コンサル ずっとアベイラブル
コンサル,ず,コンサル ずっと 続ける
コンサル,ず,コンサル 図鑑
コンサル,ず,コンサル 図面
コンサル,ず,コンサル 図解 本
コンサル,ず,コンサル 図表
コンサル,ず,コンサル 随意契約
コンサル,ず,コンサル 頭脳労働
コンサル,せ,コンサル 正式名称
コンサル,せ,コンサル 戦略
コンサル,せ,コンサル 生成ai
コンサル,せ,コンサル 世界ランキング
コンサル,せ,コンサル 専門性
コンサル,せ,コンサル セミナー
コンサル,せ,コンサル 成功報酬 相場
コンサル,せ,コンサル 成果報酬
コンサル,せ,コンサル セカンドキャリア
コンサル,せ,コンサル 性格検査
コンサル,ぜ,コンサル 税理士
コンサル,ぜ,コンサル ゼネコン
コンサル,ぜ,コンサル 税金
コンサル,ぜ,コンサル ゼロワン
コンサル,ぜ,コンサル 税務調査
コンサル,ぜ,コンサル 前職
コンサル,ぜ,コンサル 税理士 法違反
コンサル,ぜ,コンサル ゼネコン 違い
コンサル,ぜ,コンサル 全国転勤
コンサル,ぜ,コンサル ゼネコン 公務員
コンサル,そ,コンサル 相場
コンサル,そ,コンサル 早期選考
コンサル,そ,コンサル 存在意義
コンサル,そ,コンサル 相談
コンサル,そ,コンサル 総合
コンサル,そ,コンサル 総研
コンサル,そ,コンサル ソリューション
コンサル,そ,コンサル 組織図
コンサル,そ,コンサル 総合系
コンサル,そ,コンサル ソングとは
コンサル,ぞ,コンサル 増加
コンサル,ぞ,コンサル 属 人 化
コンサル,ぞ,コンサル ゾス
コンサル,ぞ,コンサル 造園
コンサル,ぞ,コンサル 造語
コンサル,ぞ,コンサル 像
コンサル,ぞ,ダイ コンサル ゾウムシ
コンサル,ぞ,オオ ダイ コンサル ゾウムシ
コンサル,ぞ,def コンサル 増 担保
コンサル,ぞ,建設 コンサル 造園
コンサル,た,コンサル 単価
コンサル,た,コンサル 大量採用
コンサル,た,コンサル 退職金
コンサル,た,コンサル 大変
コンサル,た,コンサル 高松
コンサル,た,コンサル 短期離職
コンサル,た,コンサル 楽しい
コンサル,た,コンサル タスク管理
コンサル,た,コンサル 退職
コンサル,た,コンサル 誰でもできる
コンサル,だ,コンサル 第二新卒
コンサル,だ,コンサル 大企業
コンサル,だ,コンサル 大学
コンサル,だ,コンサル 男女比
コンサル,だ,コンサル 大学 学部
コンサル,だ,コンサル 旦那
コンサル,だ,コンサル 高収入
コンサル,だ,コンサル 誰でもなれる
コンサル,だ,コンサル 代表的な企業
コンサル,ち,コンサル tier表
コンサル,ち,コンサル tier
コンサル,ち,コンサル 中途 使えない
コンサル,ち,コンサル 長期インターン
コンサル,ち,コンサル 中小企業
コンサル,ち,コンサル 中文
コンサル,ち,コンサル 中国語
コンサル,ち,コンサル 中途
コンサル,ち,コンサル 中途採用
コンサル,ち,コンサル 中小企業診断士
コンサル,ぢ,コンサル di
コンサル,ぢ,コンサル dirbato
コンサル,ぢ,コンサル director
コンサル,ぢ,コンサル di と は
コンサル,ぢ,戦略 コンサル di
コンサル,ぢ,di こんさる
コンサル,ぢ,digon コンサル
コンサル,ぢ,dirvert コンサル
コンサル,ぢ,dilbert コンサル
コンサル,ぢ,dify コンサル
コンサル,っ,コンサル dd
コンサル,っ,コンサル ppt
コンサル,っ,コンサル ddとは
コンサル,っ,コンサル ppt 本
コンサル,っ,コンサル bbm
コンサル,っ,コンサル ってなに
コンサル,っ,コンサル bbc
コンサル,っ,コンサル ppt テンプレート
コンサル,っ,コンサル って何
コンサル,っ,コンサル っ て 何 する の
コンサル,つ,コンサル 使えない
コンサル,つ,コンサル 辛い
コンサル,つ,コンサル 詰められる
コンサル,つ,コンサル 潰れる
コンサル,つ,コンサル 疲れた
コンサル,つ,コンサル 一日のスケジュール
コンサル,つ,コンサル ついていけない
コンサル,つ,コンサル つらい
コンサル,つ,コンサル 次のキャリア
コンサル,つ,コンサル 強み
コンサル,づ,コンサル 詰め
コンサル,づ,コンサル 詰め方
コンサル,づ,コンサル 詰め 辛い
コンサル,づ,コンサル 図形
コンサル,づ,街 づくり コンサル
コンサル,づ,家 づくり コンサル
コンサル,づ,組織づくり コンサル
コンサル,づ,地域 づくり コンサル
コンサル,づ,モノ づくり コンサル
コンサル,づ,仕組みづくり コンサル
コンサル,て,コンサル ティア表
コンサル,て,コンサル 転職
コンサル,て,コンサル 転職 エージェント
コンサル,て,コンサル 転職先
コンサル,て,コンサル 転職 後悔
コンサル,て,コンサル 提案書
コンサル,て,コンサル 適応障害
コンサル,て,コンサル 提案資料
コンサル,て,コンサル 転職 未経験
コンサル,て,コンサル 転勤
コンサル,で,コンサル デロイト
コンサル,で,コンサル デリバリーとは
コンサル,で,コンサル dekapai
コンサル,で,コンサル ディレクター
コンサル,で,コンサル デリバリー
コンサル,で,コンサル 出口戦略
コンサル,で,コンサル ディルバート
コンサル,で,コンサル データサイエンティスト
コンサル,で,コンサル ディレクター 年収
コンサル,で,コンサル データ分析
コンサル,と,コンサル とは
コンサル,と,コンサル 倒産件数
コンサル,と,コンサル トップ
コンサル,と,コンサル トーマツ
コンサル,と,コンサル 東京
コンサル,と,コンサル 虎ノ門
コンサル,と,コンサル 刀
コンサル,と,コンサル 倒産 最多
コンサル,と,コンサル 倒産 一覧
コンサル,と,コンサル 東大
コンサル,ど,コンサル どんな仕事
コンサル,ど,コンサル 独立
コンサル,ど,コンサル ドラマ
コンサル,ど,コンサル 土木
コンサル,ど,コンサル ドリル
コンサル,ど,コンサル どんな人が向いてる
コンサル,ど,コンサル 読書量
コンサル,ど,コンサル どこがいい
コンサル,ど,コンサル 時計
コンサル,ど,コンサル 土日返上
コンサル,な,コンサル 難易度ランキング
コンサル,な,コンサル 何する
コンサル,な,コンサル なんj
コンサル,な,コンサル 何してる
コンサル,な,コンサル なぜ人気
コンサル,な,コンサル なぜ儲かる
コンサル,な,コンサル 何業
コンサル,な,コンサル なくなる
コンサル,な,コンサル 難易度
コンサル,な,コンサル 内容
コンサル,に,コンサル 日本
コンサル,に,コンサル 日系
コンサル,に,コンサル 人気ランキング
コンサル,に,コンサル 日本語
コンサル,に,コンサル 人気
コンサル,に,コンサル 人気 なぜ
コンサル,に,コンサル ニュース
コンサル,に,コンサル 日本 大手
コンサル,に,コンサル 入社難易度
コンサル,に,コンサル 日本 ランキング
コンサル,ぬ,コンサル プロジェクト 抜けたい
コンサル,ぬ,コンサル 中 抜き
コンサル,ぬ,コンサル プロジェクト 抜ける
コンサル,ぬ,コンサル 案件 抜け たい
コンサル,ぬ,せい ぬ コンサル
コンサル,ぬ,せい ぬ コンサル 料金
コンサル,ぬ,物言わ ぬ コンサル
コンサル,ぬ,nus コンサル
コンサル,ぬ,ぬい ぬい コンサル
コンサル,ぬ,沼津 コンサル
コンサル,ね,コンサル 年収
コンサル,ね,コンサル 年収ランキング
コンサル,ね,コンサル ネクストキャリア
コンサル,ね,コンサル 年収高い理由
コンサル,ね,コンサル 年収 30歳
コンサル,ね,コンサル 年末年始
コンサル,ね,コンサル 年収 新卒
コンサル,ね,コンサル ネクタイ
コンサル,ね,コンサル ネイル
コンサル,ね,コンサル 年収2000万
コンサル,の,コンサル ノースサンド
コンサル,の,コンサル ノート
コンサル,の,コンサル note
コンサル,の,コンサル 飲み会
コンサル,の,コンサル ノート おすすめ
コンサル,の,コンサル 能力
コンサル,の,コンサル 農業
コンサル,の,コンサル ノート術
コンサル,の,コンサル ノルマ
コンサル,の,コンサル ノジマ
コンサル,は,コンサル 派遣
コンサル,は,コンサル 働き方
コンサル,は,コンサル 繁忙期
コンサル,は,コンサル 話し方
コンサル,は,コンサル 廃業
コンサル,は,コンサル 派遣 違い
コンサル,は,コンサル 始め方
コンサル,は,コンサル 入るには
コンサル,は,コンサル 話し方 本
コンサル,は,コンサル 派遣契約
コンサル,ば,コンサル バイト
コンサル,ば,コンサル バックオフィス
コンサル,ば,コンサル 伴走
コンサル,ば,コンサル 倍率
コンサル,ば,コンサル バブル
コンサル,ば,コンサル バッグ
コンサル,ば,コンサル 伴走型
コンサル,ば,コンサル バックグラウンドチェック
コンサル,ば,コンサル バリスタ
コンサル,ば,コンサル バリュー
コンサル,ぱ,コンサル パワポ
コンサル,ぱ,コンサル パートナーとは
コンサル,ぱ,コンサル パートナー
コンサル,ぱ,コンサル パートナー 年収
コンサル,ぱ,コンサル パワポ職人
コンサル,ぱ,コンサル パワハラ
コンサル,ぱ,コンサル パワポ 本
コンサル,ぱ,コンサル パワーポイントテンプレート 無料
コンサル,ぱ,コンサル パワポ テンプレ
コンサル,ぱ,コンサル パワーポイント
コンサル,ひ,コンサル 必要なスキル
コンサル,ひ,コンサル 費用
コンサル,ひ,コンサル 必要性
コンサル,ひ,コンサル 必要な資格
コンサル,ひ,コンサル 比較
コンサル,ひ,コンサル 表
コンサル,ひ,コンサル ヒエラルキー
コンサル,ひ,コンサル 比較表
コンサル,ひ,コンサル 必読書
コンサル,ひ,コンサル 必要ない
コンサル,び,コンサル ビッグ4
コンサル,び,コンサル big4
コンサル,び,コンサル ビッグ5
コンサル,び,コンサル 病院
コンサル,び,コンサル ビジネスモデル
コンサル,び,コンサル ビッグ3
コンサル,び,コンサル big4 比較
コンサル,び,コンサル big4 日本
コンサル,び,コンサル big4 マッキンゼー
コンサル,び,コンサル ビッグフォー
コンサル,ぴ,コンサル pip
コンサル,ぴ,コンサル pipとは
コンサル,ぴ,コンサル ピアス
コンサル,ぴ,コンサル ピラミッド
コンサル,ぴ,コンサル ピンキリ
コンサル,ぴ,コンサル ピクトグラム
コンサル,ぴ,コンサル ピアズ
コンサル,ぴ,コンサル ピッチ
コンサル,ぴ,コンサル ピラミッド構造
コンサル,ぴ,コンサル ピボット
コンサル,ふ,コンサル 副業
コンサル,ふ,コンサル フリーランス
コンサル,ふ,コンサル フレームワーク
コンサル,ふ,コンサル 増えすぎ
コンサル,ふ,コンサル 服装
コンサル,ふ,コンサル 不要
コンサル,ふ,コンサル fas
コンサル,ふ,コンサル フルリモート
コンサル,ふ,コンサル ファームとは
コンサル,ふ,コンサル フリーランス 案件
コンサル,ぶ,コンサル ブティック
コンサル,ぶ,コンサル 分類
コンサル,ぶ,コンサル 文系
コンサル,ぶ,コンサル ブログ
コンサル,ぶ,コンサル 分野
コンサル,ぶ,コンサル 文系 理系
コンサル,ぶ,コンサル 分析
コンサル,ぶ,コンサル 分析手法
コンサル,ぶ,コンサル ブティックとは
コンサル,ぶ,コンサル ブラックランキング
コンサル,ぷ,コンサル プリンシパル
コンサル,ぷ,コンサル プレゼン資料
コンサル,ぷ,コンサル プロモーションとは
コンサル,ぷ,コンサル プレゼン
コンサル,ぷ,コンサル プリンシパル 年収
コンサル,ぷ,コンサル プロジェクト
コンサル,ぷ,コンサル プリンシパルとは
コンサル,ぷ,コンサル プレゼン資料 例
コンサル,ぷ,コンサル プロジェクトマネジメント
コンサル,へ,コンサル 平均年収
コンサル,へ,コンサル 偏差値
コンサル,へ,コンサル 平均勤続年数
コンサル,へ,コンサル 平均年収 ランキング
コンサル,へ,コンサル 平均残業時間
コンサル,へ,コンサル ヘルスケア
コンサル,へ,コンサル 返金
コンサル,へ,コンサル 偏差値 ランキング
コンサル,へ,コンサル 平均単価
コンサル,へ,コンサル 返信 遅い
コンサル,べ,コンサル ベイカレント
コンサル,べ,コンサル ベンチャー
コンサル,べ,コンサル ベイン
コンサル,べ,コンサル 勉強
コンサル,べ,コンサル ベイカレント 年収
コンサル,べ,コンサル 別の言い方
コンサル,べ,コンサル ベンチャー 一覧
コンサル,べ,コンサル ベンチャー企業
コンサル,べ,コンサル ベイカレ
コンサル,べ,コンサル 勉強会
コンサル,ぺ,コンサル per 平均
コンサル,ぺ,コンサル ペン
コンサル,ぺ,コンサル peファンド
コンサル,ぺ,コンサル per
コンサル,ぺ,コンサル pe
コンサル,ぺ,コンサル ペルソナ
コンサル,ぺ,コンサル ペイン
コンサル,ぺ,コンサル ペーパー^
コンサル,ぺ,コンサル pe と は
コンサル,ぺ,コンサル ペガサス
コンサル,ほ,コンサル 本
コンサル,ほ,コンサル 本 おすすめ
コンサル,ほ,コンサル ホワイト
コンサル,ほ,コンサル ホワイト ランキング
コンサル,ほ,コンサル 本選考 締切
コンサル,ほ,コンサル ホワイト企業
コンサル,ほ,コンサル 補助金
コンサル,ほ,コンサル 報告書
コンサル,ほ,コンサル 本選考 時期
コンサル,ほ,コンサル ホームページ
コンサル,ぼ,コンサル ボストン
コンサル,ぼ,コンサル ボーナス
コンサル,ぼ,コンサル 本選考
コンサル,ぼ,コンサル 簿記
コンサル,ぼ,コンサル 募集
コンサル,ぼ,コンサル ボーナス 平均
コンサル,ぽ,コンサル ポジション
コンサル,ぽ,コンサル ポジショニングマップ
コンサル,ぽ,コンサル ポートフォリオ
コンサル,ぽ,コンサル ポンコツ
コンサル,ぽ,コンサル ポンチ絵
コンサル,ぽ,コンサル poc
コンサル,ぽ,コンサル ポッドキャスト
コンサル,ぽ,コンサル podcast
コンサル,ぽ,コンサル ポータル
コンサル,ぽ,コンサル ポテンシャル 採用
コンサル,ま,コンサル マップ
コンサル,ま,コンサル マネージャー
コンサル,ま,コンサル マネージャー 年収
コンサル,ま,コンサル マッキンゼー
コンサル,ま,コンサル マウス使わない
コンサル,ま,コンサル マーケティング
コンサル,ま,コンサル マッチング
コンサル,ま,コンサル マネージャー 年齢
コンサル,ま,コンサル 丸の内
コンサル,ま,コンサル マネージャー 本
コンサル,み,コンサル 未経験
コンサル,み,コンサル 未経験 転職
コンサル,み,コンサル 未経験 きつい
コンサル,み,コンサル 未経験 求人
コンサル,み,コンサル 魅力
コンサル,み,コンサル 緑本
コンサル,み,コンサル 見た目
コンサル,み,コンサル 見積もり
コンサル,み,コンサル ミーシー
コンサル,み,コンサル 未来
コンサル,む,コンサル 向いてない人
コンサル,む,コンサル 向いている人
コンサル,む,コンサル 向いてなかった
コンサル,む,コンサル 向いてる人
コンサル,む,コンサル 無能
コンサル,む,コンサル 向いてる mbti
コンサル,む,コンサル 武蔵野
コンサル,む,コンサル 無駄
コンサル,む,コンサル 無駄金
コンサル,む,コンサル 難しい
コンサル,め,コンサル 面接
コンサル,め,コンサル メガベンチャー
コンサル,め,コンサル メンタル
コンサル,め,コンサル 面接対策
コンサル,め,コンサル 名刺
コンサル,め,コンサル 面接 質問
コンサル,め,コンサル 名著
コンサル,め,コンサル メリット デメリット
コンサル,め,コンサル mece
コンサル,め,コンサル 名刺入れ
コンサル,も,コンサル 儲かる
コンサル,も,コンサル モテる
コンサル,も,コンサル モラハラ
コンサル,も,コンサル 求められる能力
コンサル,も,コンサル 問題解決
コンサル,も,コンサル 問題
コンサル,も,コンサル モテない
コンサル,も,コンサル 目標設定 例
コンサル,も,コンサル 目的
コンサル,や,コンサル やめとけ
コンサル,や,コンサル 役職
コンサル,や,コンサル 辞めたい
コンサル,や,コンサル 役に立たない
コンサル,や,コンサル 役職 一覧
コンサル,や,コンサル やめとけ なんj
コンサル,や,コンサル やりがい
コンサル,や,コンサル 家賃補助
コンサル,や,コンサル やばい
コンサル,や,コンサル 病む
コンサル,ゆ,コンサル 有名
コンサル,ゆ,コンサル 有名企業
コンサル,ゆ,コンサル 有名会社
コンサル,ゆ,コンサル 有名企業 日本
コンサル,ゆ,コンサル 有名人
コンサル,ゆ,コンサル 有名 日本
コンサル,ゆ,コンサル 有名どころ
コンサル,ゆ,コンサル 優秀
コンサル,ゆ,コンサル 有利な資格
コンサル,ゆ,コンサル 有名企業 外資
コンサル,よ,コンサル 用語
コンサル,よ,コンサル 読むべき本
コンサル,よ,コンサル 横文字
コンサル,よ,コンサル 横文字 うざい
コンサル,よ,コンサル youtube
コンサル,よ,コンサル 横文字 なぜ
コンサル,よ,コンサル 要件定義
コンサル,よ,コンサル 予後
コンサル,よ,コンサル 横浜
コンサル,よ,コンサル 読む本
コンサル,ら,コンサル ランキング
コンサル,ら,コンサル ランキング 日本
コンサル,ら,コンサル ランク
コンサル,ら,コンサル ランキング 世界
コンサル,ら,コンサル ランキング 就活
コンサル,ら,コンサル ランキング 年収
コンサル,ら,コンサル ライズ
コンサル,ら,コンサル ランキング 外資
コンサル,ら,コンサル ランキング 難易度
コンサル,ら,コンサル ランキング 就職
コンサル,り,コンサル リストラ
コンサル,り,コンサル 離職率
コンサル,り,コンサル 利益率
コンサル,り,コンサル リリース
コンサル,り,コンサル 理系
コンサル,り,コンサル 略
コンサル,り,コンサル 料金
コンサル,り,コンサル リモートワーク
コンサル,り,コンサル 離職率 ランキング
コンサル,り,コンサル 理系院卒
コンサル,る,コンサル 類語
コンサル,る,コンサル ルピナス
コンサル,る,コンサル ルーム
コンサル,る,コンサル 類似業種
コンサル,る,コンサル ルーティン
コンサル,る,コンサル ルー大柴
コンサル,る,コンサル ルーム と は
コンサル,る,コンサル 類似
コンサル,る,コンサル ルーム 歯科
コンサル,る,コンサル ループ
コンサル,れ,コンサル レポート
コンサル,れ,コンサル レイオフ
コンサル,れ,コンサル レイス
コンサル,れ,コンサル 歴史
コンサル,れ,コンサル レベル
コンサル,れ,コンサル レイヤーズ
コンサル,れ,コンサル レビュー
コンサル,れ,コンサル 恋愛
コンサル,れ,コンサル 例
コンサル,れ,コンサル レイヤー
コンサル,ろ,コンサル ロゴ
コンサル,ろ,コンサル 六本木
コンサル,ろ,コンサル 労働時間
コンサル,ろ,コンサル ローランドベルガー
コンサル,ろ,コンサル 論点
コンサル,ろ,コンサル ロジックツリー
コンサル,ろ,コンサル ロジカルシンキング
コンサル,ろ,コンサル ロードマップ
コンサル,ろ,コンサル ロジ周り
コンサル,ろ,コンサル ロジ
コンサル,わ,コンサル ワンプール制
コンサル,わ,コンサル ワークライフバランス
コンサル,わ,コンサル ワンテーブル
コンサル,わ,コンサル ワンプール制とは
コンサル,わ,コンサル ワンプール
コンサル,わ,コンサル わかりやすく
コンサル,わ,コンサル ワークショップ
コンサル,わ,コンサル 早稲田
コンサル,わ,コンサル ワークプラン
コンサル,わ,コンサル 悪
コンサル,を,コンサル word
コンサル,を,コンサル を 受ける
コンサル,を,コンサル を 受ける 言い換え
コンサル,を,コンサル を 志望 する 理由
コンサル,を,コンサル を 入れる
コンサル,を,コンサル を 超える
コンサル,を,コンサル を 受ける と は
コンサル,を,コンサル を する
コンサル,を,コンサル を 行う
コンサル,を,コンサルを受ける 英語
コンサル,ん,コンサル nri
コンサル,ん,コンサル nttデータ
コンサル,ん,コンサル ntt
コンサル,ん,コンサル njs
コンサル,ん,コンサル nba
コンサル,ん,コンサル ント
コンサル,ん,コンサル nbaとは
コンサル,ん,コンサル nda
コンサル,ん,コンサル n
コンサル,ん,コンサル nbc
コンサル,b,コンサル bcg
コンサル,i,コンサル 医療用語
コンサル,l,コンサル lp
コンサル,l,コンサル lts
コンサル,p,コンサル pwc
コンサル,p,コンサル pmo
コンサル,p,コンサル pmo つまらない
コンサル,q,コンサル qcd
コンサル,q,コンサル qc
コンサル,q,qms コンサル
コンサル,q,q コンサル
コンサル,q,qs コンサル
コンサル,q,qt コンサル
コンサル,q,q10 コンサル
コンサル,t,コンサル tiktok
コンサル,t,コンサル tier1
コンサル,t,コンサル tier3
コンサル,t,コンサル thinkpad
コンサル,t,コンサル tier2
コンサル,t,コンサル toeic
コンサル,t,コンサル togetter
コンサル,t,コンサル tmt
コンサル,v,コンサル vコーン
コンサル,v,コンサル vtuber
コンサル,v,コンサル vc
コンサル,v,コンセルヴァトワール
コンサル,v,コンサル vp
コンサル,v,コンサル vba
コンサル,v,コンサル ヴィ
コンサル,v,コンサル ヴァイス プレジデント
コンサル,v,コンサル v
コンサル,v,コンサル vcとは
コンサル,w,コンサル wbs
コンサル,w,コンサル webテスト ボーダー
コンサル,0,コンサル 0年目の教科書
コンサル,0,コンサル 0 年 目
コンサル,0,コンサル 090
コンサル,0,0x コンサル
コンサル,0,web3 0 コンサル
コンサル,0,0秒思考 コンサル
コンサル,1,コンサル 1年目
コンサル,1,コンサル 1day選考会
コンサル,1,コンサル 1年目が学ぶこと 図解 違い
コンサル,1,コンサル 1年で転職
コンサル,1,コンサル 1年で辞める
コンサル,1,コンサル 1年目 本
コンサル,1,コンサル 1日
コンサル,1,コンサル 10年後
コンサル,1,コンサル 1時間 相場
コンサル,1,コンサル 1day
コンサル,2,コンサル 27卒
コンサル,2,コンサル 20代 年収
コンサル,2,コンサル 2ch
コンサル,2,コンサル 26卒
コンサル,2,コンサル 20代
コンサル,2,コンサル 2年で辞める
コンサル,2,コンサル 2年目 年収
コンサル,2,コンサル 2年 辞める
コンサル,2,コンサル 26歳 年収
コンサル,2,コンサル 28歳 年収
コンサル,3,コンサル 3年目
コンサル,3,コンサル 30歳 年収
コンサル,3,コンサル 3年
コンサル,3,コンサル 3大
コンサル,3,コンサル 3年目 本
コンサル,3,コンサル 36協定
コンサル,3,コンサル 30代
コンサル,3,コンサル 3年目 転職
コンサル,3,コンサル 3年間
コンサル,3,コンサル 32歳 パートナー
コンサル,4,コンサル 4大
コンサル,4,コンサル 4大ファーム
コンサル,4,コンサル 40代
コンサル,4,コンサル 40代 転職
コンサル,4,コンサル 40歳 年収
コンサル,4,コンサル 4代
コンサル,4,コンサル 4象限
コンサル,4,コンサル 4大企業
コンサル,5,コンサル 50代
コンサル,5,コンサル 5大
コンサル,5,コンサル 5ch
コンサル,5,コンサル 5w1h
コンサル,5,コンサル 5
コンサル,6,コンサル 6大
コンサル,6,コンサル 60 歳
コンサル,6,コンサル 60代
コンサル,6,コンサル 6年目
コンサル,6,コンサル 600万
コンサル,6,コンサル 6社
コンサル,6,コンサル 6 年 目 年収
コンサル,6,コンサル 6 月 入社
コンサル,6,コンサル 60万
コンサル,6,コンサル 6 大学
コンサル,7,コンサル 7つ道具
コンサル,7,コンサル 7 社
コンサル,7,コンサル 700 冊
コンサル,7,コンサル 7s
コンサル,7,コンサル 7 年 目
コンサル,7,コンサル 7月入社
コンサル,7,チャーチ コンサル 73 ラスト
コンサル,7,チャーチ コンサル 73
コンサル,7,戦略 コンサル 7 社
コンサル,7,戦略 コンサル 700 冊
コンサル,8,コンサル 8月入社
コンサル,8,コンサル 800 万
コンサル,8,コンサル 800
コンサル,8,コンサル 年収 800 万
コンサル,8,80 20 コンサル
コンサル,8,8 大 コンサル
コンサル,9,コンサル 9マス
コンサル,9,コンサル 99
コンサル,9,コンサル 9 月 入社
コンサル,9,コンサル 用語 99
コンサル,9,コンサル 用語 99 パスワード
コンサル,9,iso 9001 コンサル
